slug	title	pillar	search_intent	main_keyword	secondary_keywords	target_hub	related_existing_pages	supporting_pages_to_link	difficulty_tier	publish_priority	overlap_risk	cluster	batch	status
john-14-6-meaning	John 14:6 Meaning Explained Simply	verse-meaning	interpretive	john 14 6 meaning	john 14:6 explained|i am the way truth life meaning|john 14:6 context|jesus the only way verse	/verse-meanings	john-3-16-meaning|john-3-17-meaning|what-is-salvation-in-the-bible	bible-verses-for-guidance|bible-verses-for-peace|what-is-grace-in-the-bible	low	1	none	John-Salvation	1	built
john-8-12-meaning	John 8:12 Meaning Explained Simply	verse-meaning	interpretive	john 8 12 meaning	john 8:12 explained|i am the light of the world meaning|john 8:12 context|walk in darkness bible	/verse-meanings	john-3-16-meaning|what-is-sin-in-the-bible|daily-scripture-explained	bible-verses-for-guidance|bible-verses-for-anxiety|what-is-faith-in-the-bible	low	2	none	John-Salvation	1	built
john-19-30-meaning	John 19:30 Meaning Explained Simply	verse-meaning	interpretive	john 19 30 meaning	john 19:30 explained|it is finished meaning|finished work of christ|john 19:30 context	/verse-meanings	john-3-16-meaning|what-is-salvation-in-the-bible|what-is-justification-in-the-bible	romans-10-9-meaning|bible-verses-for-hope|what-is-grace-in-the-bible	low	3	none	John-Salvation	1	built
romans-3-23-meaning	Romans 3:23 Meaning Explained Simply	verse-meaning	interpretive	romans 3 23 meaning	romans 3:23 explained|all have sinned meaning|romans 3:23 context|sin in the bible	/verse-meanings	romans-10-9-meaning|what-is-sin-in-the-bible|what-is-salvation-in-the-bible	bible-verses-for-forgiveness|bible-verses-for-hope|what-is-justification-in-the-bible	low	4	none	Romans-Salvation	1	built
romans-5-8-meaning	Romans 5:8 Meaning Explained Simply	verse-meaning	interpretive	romans 5 8 meaning	romans 5:8 explained|christ died for us meaning|romans 5:8 context|god demonstrates love verse	/verse-meanings	romans-3-23-meaning|romans-10-9-meaning|what-is-grace-in-the-bible	bible-verses-for-hope|bible-verses-for-peace|what-is-salvation-in-the-bible	low	5	none	Romans-Salvation	1	built
isaiah-60-22-meaning	Isaiah 60:22 Meaning Explained Simply	verse-meaning	interpretive	isaiah 60 22 meaning	isaiah 60:22 explained|god timing bible verse|at the right time meaning|isaiah 60:22 context	/verse-meanings	isaiah-40-31-meaning|jeremiah-29-11-meaning|romans-8-28-meaning	bible-verses-for-hope|bible-verses-for-guidance|what-is-faith-in-the-bible	low	6	none	Isaiah-Hope	1	built
psalm-46-10-meaning	Psalm 46:10 Meaning Explained Simply	verse-meaning	interpretive	psalm 46 10 meaning	psalm 46:10 explained|be still and know that i am god meaning|psalm 46:10 context|be still bible verse	/verse-meanings	psalm-46-1-meaning|philippians-4-6-7-meaning|bible-verses-for-peace	bible-verses-for-anxiety|bible-verses-for-prayer|what-is-faith-in-the-bible	low	7	none	Psalms-Peace	1	built
bible-verses-about-love-and-marriage	Bible Verses About Love and Marriage	verses-by-need	problem-solving	bible verses about love and marriage	marriage bible verses|scripture for marriage strength|biblical love in marriage|verses for married couples	/verses-by-need	bible-verses-for-peace|bible-verses-for-forgiveness|what-is-grace-in-the-bible	romans-5-8-meaning|what-is-sanctification-in-the-bible|bible-verses-for-prayer	medium	8	moderate	Need-Love-Marriage	1	built
john-1-1-meaning	John 1:1 Meaning Explained Simply	verse-meaning	interpretive	john 1 1 meaning	john 1:1 explained|the word was god meaning|john 1:1 context|word became flesh intro	/verse-meanings	john-3-16-meaning|john-14-6-meaning|what-is-grace-in-the-bible	what-is-salvation-in-the-bible|bible-verses-for-faith|what-is-righteousness-in-the-bible	medium	9	none	John-Salvation	2	built
john-6-35-meaning	John 6:35 Meaning Explained Simply	verse-meaning	interpretive	john 6 35 meaning	john 6:35 explained|bread of life meaning|john 6:35 context|jesus satisfies soul verse	/verse-meanings	john-3-16-meaning|john-8-12-meaning|what-is-salvation-in-the-bible	bible-verses-for-strength|bible-verses-for-hope|what-is-faith-in-the-bible	medium	10	none	John-Salvation	2	planned
john-10-10-meaning	John 10:10 Meaning Explained Simply	verse-meaning	interpretive	john 10 10 meaning	john 10:10 explained|life abundantly meaning|john 10:10 context|thief comes to steal verse	/verse-meanings	john-14-6-meaning|romans-8-28-meaning|what-is-salvation-in-the-bible	bible-verses-for-hope|bible-verses-for-guidance|what-is-grace-in-the-bible	low	11	none	John-Salvation	2	built
john-15-5-meaning	John 15:5 Meaning Explained Simply	verse-meaning	interpretive	john 15 5 meaning	john 15:5 explained|abide in me meaning|john 15:5 context|vine and branches meaning	/verse-meanings	john-14-6-meaning|philippians-4-6-7-meaning|what-is-faith-in-the-bible	bible-verses-for-strength|bible-verses-for-prayer|what-is-sanctification-in-the-bible	medium	12	none	John-Salvation	2	planned
john-16-33-meaning	John 16:33 Meaning Explained Simply	verse-meaning	interpretive	john 16 33 meaning	john 16:33 explained|take heart i have overcome meaning|john 16:33 context|peace in tribulation verse	/verse-meanings	john-14-6-meaning|romans-8-18-meaning|bible-verses-for-peace	bible-verses-about-hope-in-hard-times|bible-verses-for-fear|what-is-faith-in-the-bible	low	13	none	John-Salvation	2	built
john-17-17-meaning	John 17:17 Meaning Explained Simply	verse-meaning	interpretive	john 17 17 meaning	john 17:17 explained|your word is truth meaning|john 17:17 context|sanctify them by truth	/verse-meanings	isaiah-40-8-meaning|what-is-sanctification-in-the-bible|what-is-the-sermon-on-the-mount	daily-scripture-explained|bible-verses-for-guidance|what-is-righteousness-in-the-bible	medium	14	moderate	John-Salvation	2	planned
john-15-13-meaning	John 15:13 Meaning Explained Simply	verse-meaning	interpretive	john 15 13 meaning	john 15:13 explained|greater love has no one than this meaning|john 15:13 context|sacrificial love verse	/verse-meanings	romans-5-8-meaning|john-3-16-meaning|what-is-grace-in-the-bible	bible-verses-about-love-and-marriage|bible-verses-for-forgiveness|what-is-salvation-in-the-bible	low	15	none	John-Salvation	2	planned
john-4-24-meaning	John 4:24 Meaning Explained Simply	verse-meaning	interpretive	john 4 24 meaning	john 4:24 explained|worship in spirit and truth meaning|john 4:24 context|true worship bible verse	/verse-meanings	daily-psalm-explained|what-is-faith-in-the-bible|john-14-6-meaning	bible-verses-for-prayer|bible-verses-for-guidance|what-is-sanctification-in-the-bible	medium	16	none	John-Salvation	2	planned
john-5-24-meaning	John 5:24 Meaning Explained Simply	verse-meaning	interpretive	john 5 24 meaning	john 5:24 explained|passed from death to life meaning|john 5:24 context|eternal life assurance verse	/verse-meanings	john-3-16-meaning|romans-10-9-meaning|what-is-salvation-in-the-bible	bible-verses-for-fear|bible-verses-for-hope|what-is-justification-in-the-bible	medium	17	none	John-Salvation	2	planned
john-3-5-meaning	John 3:5 Meaning Explained Simply	verse-meaning	interpretive	john 3 5 meaning	john 3:5 explained|born of water and spirit meaning|john 3:5 context|new birth verse	/verse-meanings	john-3-16-meaning|what-is-repentance-in-the-bible|what-is-salvation-in-the-bible	bible-verses-for-guidance|daily-scripture-explained|what-is-grace-in-the-bible	high	18	moderate	John-Salvation	3	planned
romans-1-16-meaning	Romans 1:16 Meaning Explained Simply	verse-meaning	interpretive	romans 1 16 meaning	romans 1:16 explained|not ashamed of the gospel meaning|romans 1:16 context|gospel power verse	/verse-meanings	romans-10-9-meaning|romans-8-31-meaning|what-is-salvation-in-the-bible	bible-verses-for-strength|bible-verses-about-faith-in-hard-times|what-is-justification-in-the-bible	medium	19	none	Romans-Salvation	3	planned
romans-3-24-meaning	Romans 3:24 Meaning Explained Simply	verse-meaning	interpretive	romans 3 24 meaning	romans 3:24 explained|justified freely by grace meaning|romans 3:24 context|redemption in christ verse	/verse-meanings	romans-3-23-meaning|what-is-grace-in-the-bible|what-is-justification-in-the-bible	what-is-salvation-in-the-bible|bible-verses-for-hope|bible-verses-for-forgiveness	medium	20	none	Romans-Salvation	3	planned
romans-5-1-meaning	Romans 5:1 Meaning Explained Simply	verse-meaning	interpretive	romans 5 1 meaning	romans 5:1 explained|peace with god meaning|romans 5:1 context|justified by faith verse	/verse-meanings	romans-5-8-meaning|what-is-justification-in-the-bible|bible-verses-for-peace	bible-verses-for-anxiety|what-is-faith-in-the-bible|what-is-righteousness-in-the-bible	low	21	none	Romans-Salvation	3	planned
romans-6-23-meaning	Romans 6:23 Meaning Explained Simply	verse-meaning	interpretive	romans 6 23 meaning	romans 6:23 explained|wages of sin is death meaning|romans 6:23 context|gift of god eternal life	/verse-meanings	romans-3-23-meaning|romans-10-9-meaning|what-is-sin-in-the-bible	what-is-salvation-in-the-bible|bible-verses-for-hope|what-is-repentance-in-the-bible	low	22	moderate	Romans-Salvation	3	planned
romans-7-18-meaning	Romans 7:18 Meaning Explained Simply	verse-meaning	interpretive	romans 7 18 meaning	romans 7:18 explained|struggle with sin meaning|romans 7:18 context|flesh and spirit conflict	/verse-meanings	romans-3-23-meaning|what-is-sin-in-the-bible|what-is-sanctification-in-the-bible	bible-verses-for-strength|bible-verses-for-depression|what-is-repentance-in-the-bible	high	23	none	Romans-Salvation	3	planned
romans-8-1-meaning	Romans 8:1 Meaning Explained Simply	verse-meaning	interpretive	romans 8 1 meaning	romans 8:1 explained|no condemnation meaning|romans 8:1 context|freedom in christ verse	/verse-meanings	romans-8-31-meaning|romans-10-9-meaning|what-is-justification-in-the-bible	bible-verses-for-fear|bible-verses-for-peace|what-is-grace-in-the-bible	low	24	none	Romans-Salvation	3	planned
romans-8-15-meaning	Romans 8:15 Meaning Explained Simply	verse-meaning	interpretive	romans 8 15 meaning	romans 8:15 explained|spirit of adoption meaning|romans 8:15 context|abba father verse	/verse-meanings	romans-8-31-meaning|what-is-salvation-in-the-bible|what-is-grace-in-the-bible	bible-verses-for-fear|bible-verses-for-hope|what-is-faith-in-the-bible	medium	25	none	Romans-Salvation	3	planned
romans-8-38-39-meaning	Romans 8:38-39 Meaning Explained Simply	verse-meaning	interpretive	romans 8 38 39 meaning	romans 8:38-39 explained|nothing can separate us from god meaning|romans 8:38 context|god's love never fails verse	/verse-meanings	romans-8-31-meaning|romans-5-8-meaning|bible-verses-for-hope	bible-verses-for-fear|bible-verses-for-grief|what-is-grace-in-the-bible	medium	26	none	Romans-Salvation	3	planned
romans-10-17-meaning	Romans 10:17 Meaning Explained Simply	verse-meaning	interpretive	romans 10 17 meaning	romans 10:17 explained|faith comes by hearing meaning|romans 10:17 context|word of christ verse	/verse-meanings	romans-10-9-meaning|what-is-faith-in-the-bible|isaiah-40-8-meaning	bible-verses-about-faith-in-hard-times|daily-scripture-explained|what-is-sanctification-in-the-bible	low	27	none	Romans-Salvation	3	planned
romans-12-2-meaning	Romans 12:2 Meaning Explained Simply	verse-meaning	interpretive	romans 12 2 meaning	romans 12:2 explained|renewing your mind meaning|romans 12:2 context|do not conform verse	/verse-meanings	what-is-repentance-in-the-bible|what-is-sanctification-in-the-bible|romans-8-31-meaning	bible-verses-for-guidance|bible-verses-for-strength|what-is-righteousness-in-the-bible	medium	28	moderate	Romans-Salvation	3	planned
romans-15-13-meaning	Romans 15:13 Meaning Explained Simply	verse-meaning	interpretive	romans 15 13 meaning	romans 15:13 explained|god of hope fill you meaning|romans 15:13 context|hope by holy spirit verse	/verse-meanings	romans-8-28-meaning|bible-verses-for-hope|bible-verses-about-hope-in-hard-times	bible-verses-for-peace|bible-verses-for-anxiety|what-is-faith-in-the-bible	low	29	none	Romans-Salvation	3	planned
romans-12-12-meaning	Romans 12:12 Meaning Explained Simply	verse-meaning	interpretive	romans 12 12 meaning	romans 12:12 explained|joyful in hope patient in affliction|romans 12:12 context|faithful in prayer verse	/verse-meanings	bible-verses-for-prayer|romans-8-18-meaning|bible-verses-for-hope	bible-verses-about-hope-in-hard-times|bible-verses-for-strength|what-is-faith-in-the-bible	low	30	moderate	Romans-Salvation	4	planned
psalm-27-1-meaning	Psalm 27:1 Meaning Explained Simply	verse-meaning	interpretive	psalm 27 1 meaning	psalm 27:1 explained|the lord is my light and salvation meaning|psalm 27:1 context|whom shall i fear verse	/verse-meanings	psalm-91-1-2-meaning|john-8-12-meaning|bible-verses-for-fear	bible-verses-for-peace|what-is-faith-in-the-bible|bible-verses-for-strength	low	31	none	Psalms-Peace	4	planned
psalm-34-4-meaning	Psalm 34:4 Meaning Explained Simply	verse-meaning	interpretive	psalm 34 4 meaning	psalm 34:4 explained|delivered me from all my fears meaning|psalm 34:4 context|fear not psalm verse	/verse-meanings	psalm-46-10-meaning|bible-verses-for-anxiety|bible-verses-for-fear	bible-verses-for-peace|psalm-91-1-2-meaning|what-is-faith-in-the-bible	low	32	none	Psalms-Peace	4	planned
psalm-34-8-meaning	Psalm 34:8 Meaning Explained Simply	verse-meaning	interpretive	psalm 34 8 meaning	psalm 34:8 explained|taste and see the lord is good meaning|psalm 34:8 context|god is good verse	/verse-meanings	daily-psalm-explained|psalm-23-meaning|bible-verses-for-hope	bible-verses-for-strength|bible-verses-for-peace|what-is-faith-in-the-bible	medium	33	none	Psalms-Peace	4	planned
psalm-37-4-meaning	Psalm 37:4 Meaning Explained Simply	verse-meaning	interpretive	psalm 37 4 meaning	psalm 37:4 explained|delight yourself in the lord meaning|psalm 37:4 context|desires of your heart verse	/verse-meanings	proverbs-3-5-6-meaning|bible-verses-about-trusting-god|isaiah-60-22-meaning	bible-verses-for-guidance|bible-verses-for-hope|what-is-faith-in-the-bible	medium	34	moderate	Psalms-Peace	4	planned
psalm-42-11-meaning	Psalm 42:11 Meaning Explained Simply	verse-meaning	interpretive	psalm 42 11 meaning	psalm 42:11 explained|why are you downcast o my soul meaning|psalm 42:11 context|hope in god verse	/verse-meanings	bible-verses-for-depression|bible-verses-for-hope|romans-8-18-meaning	bible-verses-about-hope-in-hard-times|bible-verses-for-grief|what-is-faith-in-the-bible	low	35	none	Psalms-Peace	4	planned
psalm-56-3-meaning	Psalm 56:3 Meaning Explained Simply	verse-meaning	interpretive	psalm 56 3 meaning	psalm 56:3 explained|when i am afraid i put my trust in you meaning|psalm 56:3 context|fear and trust verse	/verse-meanings	bible-verses-for-fear|bible-verses-for-anxiety|proverbs-3-5-6-meaning	bible-verses-for-peace|bible-verses-about-trusting-god|what-is-faith-in-the-bible	low	36	none	Psalms-Peace	4	planned
psalm-73-26-meaning	Psalm 73:26 Meaning Explained Simply	verse-meaning	interpretive	psalm 73 26 meaning	psalm 73:26 explained|my flesh and heart may fail meaning|psalm 73:26 context|god is strength of my heart verse	/verse-meanings	bible-verses-for-strength|bible-verses-for-healing-from-sickness|isaiah-40-31-meaning	bible-verses-for-hope|bible-verses-for-grief|what-is-faith-in-the-bible	medium	37	none	Psalms-Peace	4	planned
psalm-119-105-meaning	Psalm 119:105 Meaning Explained Simply	verse-meaning	interpretive	psalm 119 105 meaning	psalm 119:105 explained|your word is a lamp meaning|psalm 119:105 context|guidance scripture verse	/verse-meanings	proverbs-3-5-6-meaning|bible-verses-for-guidance|isaiah-40-8-meaning	daily-scripture-explained|bible-verses-for-anxiety|what-is-faith-in-the-bible	low	38	none	Psalms-Peace	4	planned
psalm-121-1-2-meaning	Psalm 121:1-2 Meaning Explained Simply	verse-meaning	interpretive	psalm 121 1 2 meaning	psalm 121:1-2 explained|my help comes from the lord meaning|psalm 121 context|help from god verse	/verse-meanings	psalm-46-1-meaning|isaiah-41-10-meaning|bible-verses-for-strength	bible-verses-for-fear|bible-verses-for-hope|what-is-faith-in-the-bible	low	39	none	Psalms-Peace	4	planned
psalm-121-7-8-meaning	Psalm 121:7-8 Meaning Explained Simply	verse-meaning	interpretive	psalm 121 7 8 meaning	psalm 121:7-8 explained|lord will watch over your life meaning|psalm 121 protection verse|god keeps you verse	/verse-meanings	psalm-91-1-2-meaning|bible-verses-for-fear|romans-8-31-meaning	bible-verses-for-peace|bible-verses-for-anxiety|what-is-faith-in-the-bible	medium	40	none	Psalms-Peace	4	planned
psalm-139-14-meaning	Psalm 139:14 Meaning Explained Simply	verse-meaning	interpretive	psalm 139 14 meaning	psalm 139:14 explained|fearfully and wonderfully made meaning|psalm 139:14 context|identity in christ verse	/verse-meanings	jeremiah-29-11-meaning|bible-verses-for-depression|romans-8-31-meaning	bible-verses-for-loneliness|bible-verses-for-hope|what-is-righteousness-in-the-bible	low	41	none	Psalms-Peace	5	planned
isaiah-9-6-meaning	Isaiah 9:6 Meaning Explained Simply	verse-meaning	interpretive	isaiah 9 6 meaning	isaiah 9:6 explained|wonderful counselor mighty god meaning|isaiah 9:6 context|messiah prophecy verse	/verse-meanings	john-14-6-meaning|what-is-salvation-in-the-bible|isaiah-41-10-meaning	bible-verses-for-peace|bible-verses-for-hope|what-is-grace-in-the-bible	medium	42	none	Isaiah-Hope	5	planned
isaiah-26-3-meaning	Isaiah 26:3 Meaning Explained Simply	verse-meaning	interpretive	isaiah 26 3 meaning	isaiah 26:3 explained|perfect peace whose mind is stayed meaning|isaiah 26:3 context|peace scripture verse	/verse-meanings	bible-verses-for-peace|philippians-4-6-7-meaning|proverbs-3-5-6-meaning	bible-verses-for-anxiety|bible-verses-for-guidance|what-is-faith-in-the-bible	low	43	none	Isaiah-Hope	5	planned
isaiah-30-21-meaning	Isaiah 30:21 Meaning Explained Simply	verse-meaning	interpretive	isaiah 30 21 meaning	isaiah 30:21 explained|this is the way walk in it meaning|isaiah 30:21 context|guidance from god verse	/verse-meanings	bible-verses-for-guidance|proverbs-3-5-6-meaning|isaiah-40-31-meaning	bible-verses-for-prayer|bible-verses-about-trusting-god|what-is-faith-in-the-bible	low	44	none	Isaiah-Hope	5	planned
isaiah-40-29-meaning	Isaiah 40:29 Meaning Explained Simply	verse-meaning	interpretive	isaiah 40 29 meaning	isaiah 40:29 explained|he gives strength to the weary meaning|isaiah 40:29 context|strength scripture verse	/verse-meanings	isaiah-40-31-meaning|bible-verses-for-strength|bible-verses-for-healing-from-sickness	bible-verses-for-hope|romans-8-18-meaning|what-is-faith-in-the-bible	low	45	none	Isaiah-Hope	5	planned
isaiah-43-2-meaning	Isaiah 43:2 Meaning Explained Simply	verse-meaning	interpretive	isaiah 43 2 meaning	isaiah 43:2 explained|when you pass through waters meaning|isaiah 43:2 context|god with you in trials verse	/verse-meanings	isaiah-41-10-meaning|bible-verses-about-hope-in-hard-times|romans-8-18-meaning	bible-verses-for-fear|bible-verses-for-grief|what-is-faith-in-the-bible	low	46	none	Isaiah-Hope	5	planned
isaiah-54-17-meaning	Isaiah 54:17 Meaning Explained Simply	verse-meaning	interpretive	isaiah 54 17 meaning	isaiah 54:17 explained|no weapon formed against you meaning|isaiah 54:17 context|god protection verse	/verse-meanings	romans-8-31-meaning|bible-verses-for-fear|psalm-91-1-2-meaning	bible-verses-for-strength|bible-verses-for-peace|what-is-faith-in-the-bible	medium	47	none	Isaiah-Hope	5	planned
isaiah-55-8-9-meaning	Isaiah 55:8-9 Meaning Explained Simply	verse-meaning	interpretive	isaiah 55 8 9 meaning	isaiah 55:8-9 explained|my thoughts are not your thoughts meaning|isaiah 55 context|trust god's ways verse	/verse-meanings	proverbs-3-5-6-meaning|bible-verses-about-trusting-god|romans-8-28-meaning	bible-verses-for-guidance|bible-verses-for-hope|what-is-faith-in-the-bible	medium	48	none	Isaiah-Hope	5	planned
isaiah-61-1-meaning	Isaiah 61:1 Meaning Explained Simply	verse-meaning	interpretive	isaiah 61 1 meaning	isaiah 61:1 explained|good news to the poor meaning|isaiah 61 context|bind up the brokenhearted verse	/verse-meanings	bible-verses-for-depression|bible-verses-for-grief|john-14-6-meaning	bible-verses-for-hope|bible-verses-for-healing-from-sickness|what-is-salvation-in-the-bible	medium	49	none	Isaiah-Hope	5	planned
isaiah-58-11-meaning	Isaiah 58:11 Meaning Explained Simply	verse-meaning	interpretive	isaiah 58 11 meaning	isaiah 58:11 explained|lord will guide you always meaning|isaiah 58:11 context|well-watered garden verse	/verse-meanings	bible-verses-for-guidance|jeremiah-29-11-meaning|psalm-23-meaning	bible-verses-for-healing-from-sickness|bible-verses-for-strength|what-is-faith-in-the-bible	medium	50	none	Isaiah-Hope	5	planned
bible-verses-for-worry	Bible Verses for Worry	verses-by-need	problem-solving	bible verses for worry	scripture for worry|verses for overthinking|god verses for worry|worry and anxiety bible	/verses-by-need	bible-verses-for-anxiety|bible-verses-for-peace|philippians-4-6-7-meaning	psalm-46-10-meaning|isaiah-26-3-meaning|what-is-faith-in-the-bible	low	51	moderate	Need-Anxiety	6	planned
bible-verses-for-overthinking	Bible Verses for Overthinking	verses-by-need	problem-solving	bible verses for overthinking	scriptures for racing thoughts|verses for mental peace|god help for overthinking|peace of mind verses	/verses-by-need	bible-verses-for-anxiety|bible-verses-for-anxiety|bible-verses-for-peace	psalm-46-10-meaning|philippians-4-6-7-meaning|what-is-faith-in-the-bible	medium	52	high	Need-Anxiety	6	planned
bible-verses-for-panic-attacks	Bible Verses for Panic Attacks	verses-by-need	problem-solving	bible verses for panic attacks	scripture for panic attacks|verses for fear attacks|calming bible verses|god in panic moments	/verses-by-need	bible-verses-for-anxiety|bible-verses-for-fear|bible-verses-for-peace	psalm-56-3-meaning|isaiah-41-10-meaning|what-is-faith-in-the-bible	medium	53	moderate	Need-Anxiety	6	planned
bible-verses-for-burnout	Bible Verses for Burnout	verses-by-need	problem-solving	bible verses for burnout	scripture for exhaustion|verses for emotional fatigue|god strength for burnout|rest in god verses	/verses-by-need	bible-verses-for-strength|matthew-11-28-meaning|isaiah-40-31-meaning	psalm-23-meaning|romans-8-18-meaning|what-is-faith-in-the-bible	low	54	none	Need-Strength	6	planned
bible-verses-for-work-stress	Bible Verses for Work Stress	verses-by-need	problem-solving	bible verses for work stress	scripture for job stress|verses for pressure at work|god help at work|peace at work bible	/verses-by-need	bible-verses-for-guidance|bible-verses-for-peace|bible-verses-for-strength	proverbs-3-5-6-meaning|isaiah-60-22-meaning|what-is-faith-in-the-bible	medium	55	moderate	Need-Strength	6	planned
bible-verses-for-family-problems	Bible Verses for Family Problems	verses-by-need	problem-solving	bible verses for family problems	scripture for family conflict|verses for difficult family relationships|peace in family bible|god help family trouble	/verses-by-need	bible-verses-for-forgiveness|bible-verses-for-peace|bible-verses-about-love-and-marriage	romans-5-8-meaning|what-is-grace-in-the-bible|what-is-grace-in-the-bible	medium	56	moderate	Need-Relationships	6	planned
bible-verses-for-marriage-restoration	Bible Verses for Marriage Restoration	verses-by-need	problem-solving	bible verses for marriage restoration	scriptures for healing marriage|verses for broken marriage|prayer for marriage restoration bible|god restore marriage verses	/verses-by-need	bible-verses-about-love-and-marriage|bible-verses-for-forgiveness|bible-verses-for-prayer	romans-5-8-meaning|john-15-13-meaning|what-is-grace-in-the-bible	medium	57	moderate	Need-Relationships	6	planned
bible-verses-for-financial-stress	Bible Verses for Financial Stress	verses-by-need	problem-solving	bible verses for financial stress	scripture for money stress|verses for provision|god provides bible verses|anxiety about money scripture	/verses-by-need	bible-verses-for-anxiety|bible-verses-about-trusting-god|bible-verses-for-guidance	matthew-11-28-meaning|psalm-23-meaning|what-is-faith-in-the-bible	medium	58	none	Need-Trust	6	planned
bible-verses-for-decision-making	Bible Verses for Decision Making	verses-by-need	problem-solving	bible verses for decision making	scripture for hard decisions|verses about god's direction|discernment bible verses|what does bible say about decisions	/verses-by-need	bible-verses-for-guidance|bible-verses-for-prayer|proverbs-3-5-6-meaning	isaiah-30-21-meaning|psalm-119-105-meaning|what-is-faith-in-the-bible	low	59	none	Need-Guidance	6	planned
bible-verses-for-spiritual-growth	Bible Verses for Spiritual Growth	verses-by-need	problem-solving	bible verses for spiritual growth	scripture for spiritual maturity|grow in faith verses|sanctification verses|christian growth bible passages	/verses-by-need	what-is-sanctification-in-the-bible|what-is-faith-in-the-bible|daily-scripture-explained	john-15-5-meaning|romans-8-28-meaning|what-is-righteousness-in-the-bible	medium	60	moderate	Need-Growth	6	planned
bible-verses-for-when-you-feel-far-from-god	Bible Verses for When You Feel Far From God	verses-by-need	problem-solving	bible verses for when you feel far from god	scripture for feeling distant from god|verses for dry season|return to god bible verses|god is near scripture	/verses-by-need	bible-verses-for-loneliness|bible-verses-for-depression|bible-verses-for-hope	psalm-42-11-meaning|john-14-6-meaning|what-is-repentance-in-the-bible	medium	61	none	Need-Growth	7	planned
bible-verses-for-when-prayers-feel-unanswered	Bible Verses for When Prayers Feel Unanswered	verses-by-need	problem-solving	bible verses for unanswered prayer	scripture for waiting on god|verses when god feels silent|prayer while waiting bible|hope while waiting scripture	/verses-by-need	bible-verses-for-prayer|bible-verses-for-hope|isaiah-60-22-meaning	romans-8-28-meaning|psalm-46-10-meaning|what-is-faith-in-the-bible	medium	62	none	Need-Prayer	7	planned
bible-verses-for-temptation	Bible Verses for Temptation	verses-by-need	problem-solving	bible verses for temptation	scripture to resist temptation|verses for spiritual battles|escape temptation bible|self-control bible verses	/verses-by-need	what-is-sin-in-the-bible|what-is-repentance-in-the-bible|bible-verses-for-strength	romans-10-9-meaning|romans-8-28-meaning|what-is-sanctification-in-the-bible	high	63	moderate	Need-Growth	7	planned
bible-verses-for-forgiving-yourself	Bible Verses for Forgiving Yourself	verses-by-need	problem-solving	bible verses for forgiving yourself	scripture for guilt and shame|verses for self-forgiveness|god's mercy bible verses|healing from shame scripture	/verses-by-need	bible-verses-for-forgiveness|bible-verses-for-depression|romans-8-31-meaning	romans-5-8-meaning|what-is-grace-in-the-bible|what-is-justification-in-the-bible	medium	64	moderate	Need-Forgiveness	7	planned
bible-verses-for-gratitude	Bible Verses for Gratitude	verses-by-need	problem-solving	bible verses for gratitude	scripture for thankfulness|thankful heart bible verses|praise and gratitude verses|giving thanks to god	/verses-by-need	daily-psalm-explained|bible-verses-for-peace|bible-verses-for-hope	psalm-34-8-meaning|romans-12-12-meaning|what-is-faith-in-the-bible	low	65	none	Need-Devotional	7	planned
bible-verses-for-new-believers	Bible Verses for New Believers	verses-by-need	problem-solving	bible verses for new believers	starter bible verses for beginners|new christian scriptures|first verses to memorize|basic gospel verses	/verses-by-need	john-3-16-meaning|romans-10-9-meaning|what-is-salvation-in-the-bible	john-14-6-meaning|romans-3-23-meaning|what-is-grace-in-the-bible	low	66	none	Need-Discipleship	7	planned
bible-verses-for-parenting	Bible Verses for Parenting	verses-by-need	problem-solving	bible verses for parenting	scripture for parents|verses for raising children|godly parenting bible|family discipleship verses	/verses-by-need	bible-verses-for-guidance|bible-verses-for-prayer|bible-verses-for-guidance	proverbs-3-5-6-meaning|psalm-127-3-meaning|what-is-faith-in-the-bible	high	67	none	Need-Relationships	7	planned
bible-verses-for-guidance	Bible Verses for Patience	verses-by-need	problem-solving	bible verses for patience	scripture for waiting patiently|verses for patience in trials|god's timing bible verses|patient endurance scripture	/verses-by-need	bible-verses-for-hope|isaiah-60-22-meaning|romans-8-18-meaning	romans-12-12-meaning|psalm-46-10-meaning|what-is-faith-in-the-bible	low	68	moderate	Need-Growth	7	planned
night-bible-verse	Bible Verses for Sleep and Rest	verses-by-need	problem-solving	bible verses for sleep and rest	scripture for insomnia|verses for restful sleep|peace at night bible|night anxiety verses	/verses-by-need	night-bible-verse|bible-verses-for-anxiety|bible-verses-for-peace	psalm-46-10-meaning|psalm-91-1-2-meaning|what-is-faith-in-the-bible	medium	69	none	Need-Anxiety	7	planned
bible-verses-for-healing-after-loss	Bible Verses for Healing After Loss	verses-by-need	problem-solving	bible verses for healing after loss	scripture for grief healing|verses after bereavement|god comfort in loss|hope after loss bible	/verses-by-need	bible-verses-for-grief|bible-verses-about-hope-in-hard-times|john-11-25-meaning	john-11-35-meaning|romans-8-18-meaning|what-is-faith-in-the-bible	low	70	none	Need-Grief	7	planned
what-is-mercy-in-the-bible	What Is Mercy in the Bible?	bible-term	informational	what is mercy in the bible	mercy definition bible|god's mercy meaning|mercy vs grace bible|biblical mercy explained	/bible-terms	what-is-grace-in-the-bible|romans-5-8-meaning|bible-verses-for-forgiveness	bible-verses-for-forgiveness|bible-verses-for-grief|john-8-12-meaning	low	71	moderate	Bible-Terms	8	planned
what-is-faith-in-the-bible	What Is Obedience in the Bible?	bible-term	informational	what is obedience in the bible	biblical obedience definition|obey god meaning|obedience scripture explained|faith and obedience	/bible-terms	what-is-faith-in-the-bible|what-is-sanctification-in-the-bible|john-14-6-meaning	bible-verses-for-guidance|bible-verses-for-strength|john-15-5-meaning	medium	72	none	Bible-Terms	8	planned
what-is-forgiveness-in-the-bible	What Is Forgiveness in the Bible?	bible-term	informational	what is forgiveness in the bible	biblical forgiveness meaning|forgive as christ forgave|forgiveness scripture explained|god forgives sin	/bible-terms	what-is-grace-in-the-bible|what-is-repentance-in-the-bible|romans-8-31-meaning	bible-verses-for-forgiveness|bible-verses-about-love-and-marriage|romans-5-8-meaning	low	73	none	Bible-Terms	8	planned
what-is-holiness-in-the-bible	What Is Holiness in the Bible?	bible-term	informational	what is holiness in the bible	holiness definition bible|be holy as i am holy meaning|biblical holiness explained|holy living scripture	/bible-terms	what-is-sanctification-in-the-bible|what-is-righteousness-in-the-bible|romans-8-28-meaning	bible-verses-for-spiritual-growth|bible-verses-for-guidance|john-17-17-meaning	high	74	moderate	Bible-Terms	8	planned
what-is-worship-in-the-bible	What Is Worship in the Bible?	bible-term	informational	what is worship in the bible	worship definition bible|worship in spirit and truth|biblical worship meaning|heart of worship scripture	/bible-terms	john-14-6-meaning|daily-psalm-explained|what-is-faith-in-the-bible	bible-verses-for-prayer|bible-verses-for-peace|psalm-34-8-meaning	medium	75	none	Bible-Terms	8	planned
what-is-discipleship-in-the-bible	What Is Discipleship in the Bible?	bible-term	informational	what is discipleship in the bible	discipleship meaning bible|follow jesus meaning|cost of discipleship verse|grow as disciple scripture	/bible-terms	john-14-6-meaning|what-is-sanctification-in-the-bible|what-is-faith-in-the-bible	bible-verses-for-new-believers|bible-verses-for-spiritual-growth|john-15-5-meaning	medium	76	none	Bible-Terms	8	planned
what-is-the-gospel-in-the-bible	What Is the Gospel in the Bible?	bible-term	informational	what is the gospel in the bible	gospel meaning bible|good news of jesus explained|what is gospel message|gospel in plain english	/bible-terms	john-3-16-meaning|romans-10-9-meaning|romans-3-23-meaning	what-is-salvation-in-the-bible|bible-verses-for-new-believers|john-19-30-meaning	low	77	none	Bible-Terms	8	planned
what-is-covenant-in-the-bible	What Is Covenant in the Bible?	bible-term	informational	what is covenant in the bible	biblical covenant definition|old and new covenant explained|god's covenant meaning|new covenant in christ	/bible-terms	what-is-grace-in-the-bible|john-19-30-meaning|romans-5-8-meaning	what-is-salvation-in-the-bible|bible-verses-about-love-and-marriage|romans-3-23-meaning	high	78	moderate	Bible-Terms	8	planned
what-is-redemption-in-the-bible	What Is Redemption in the Bible?	bible-term	informational	what is redemption in the bible	redemption meaning bible|redeemed by christ meaning|biblical redemption explained|price paid by jesus	/bible-terms	john-19-30-meaning|romans-3-23-meaning|what-is-salvation-in-the-bible	what-is-grace-in-the-bible|romans-5-8-meaning|bible-verses-for-hope	medium	79	none	Bible-Terms	8	planned
what-is-conviction-in-the-bible	What Is Conviction in the Bible?	bible-term	informational	what is conviction in the bible	holy spirit conviction meaning|conviction vs condemnation bible|biblical conviction explained|repentance and conviction	/bible-terms	what-is-repentance-in-the-bible|romans-8-31-meaning|what-is-sin-in-the-bible	bible-verses-for-forgiving-yourself|bible-verses-for-temptation|romans-7-18-meaning	high	80	moderate	Bible-Terms	8	planned
what-is-eternal-life-in-the-bible	What Is Eternal Life in the Bible?	bible-term	informational	what is eternal life in the bible	eternal life definition bible|how to have eternal life|everlasting life scripture|life in christ meaning	/bible-terms	john-3-16-meaning|john-3-16-meaning|romans-10-9-meaning	what-is-salvation-in-the-bible|john-14-6-meaning|bible-verses-for-new-believers	low	81	none	Bible-Terms	9	planned
what-is-humility-in-the-bible	What Is Humility in the Bible?	bible-term	informational	what is humility in the bible	humility definition bible|biblical humility meaning|humble before god verse|pride vs humility scripture	/bible-terms	what-is-righteousness-in-the-bible|romans-8-28-meaning|what-is-sanctification-in-the-bible	bible-verses-for-guidance|bible-verses-for-strength|what-is-faith-in-the-bible	medium	82	none	Bible-Terms	9	planned
what-is-idolatry-in-the-bible	What Is Idolatry in the Bible?	bible-term	informational	what is idolatry in the bible	idolatry definition bible|modern idols in christian life|biblical idolatry explained|turn from idols scripture	/bible-terms	what-is-sin-in-the-bible|what-is-repentance-in-the-bible|romans-8-28-meaning	bible-verses-for-temptation|bible-verses-for-spiritual-growth|what-is-faith-in-the-bible	high	83	none	Bible-Terms	9	planned
who-was-peter-in-the-bible	Who Was Peter in the Bible?	bible-people-place	informational	who was peter in the bible	peter in the bible summary|apostle peter explained|life of peter bible|peter's restoration by jesus	/bible-people-places	who-was-paul-in-the-bible|who-was-king-david|john-20-29-meaning	john-14-6-meaning|what-is-faith-in-the-bible|bible-verses-for-fear	medium	84	none	Bible-People	9	planned
who-was-moses-in-the-bible	Who Was Moses in the Bible?	bible-people-place	informational	who was moses in the bible	moses story summary|leader of israel moses|moses in exodus explained|moses and commandments	/bible-people-places	who-was-king-david|garden-of-gethsemane-meaning|what-is-faith-in-the-bible	isaiah-41-10-meaning|bible-verses-for-guidance|bible-verses-for-strength	low	85	none	Bible-People	9	built
who-was-abraham-in-the-bible	Who Was Abraham in the Bible?	bible-people-place	informational	who was abraham in the bible	abraham story summary|father of faith bible|abraham and promise of god|abraham explained simply	/bible-people-places	what-is-faith-in-the-bible|romans-10-9-meaning|who-was-moses-in-the-bible	romans-10-17-meaning|bible-verses-about-trusting-god|what-is-righteousness-in-the-bible	medium	86	none	Bible-People	9	planned
who-was-joseph-in-the-bible	Who Was Joseph in the Bible?	bible-people-place	informational	who was joseph in the bible	joseph bible story summary|joseph and his brothers explained|joseph suffering and purpose|joseph in genesis	/bible-people-places	romans-8-28-meaning|jeremiah-29-11-meaning|bible-verses-about-hope-in-hard-times	bible-verses-for-grief|bible-verses-for-guidance|what-is-faith-in-the-bible	low	87	none	Bible-People	9	planned
who-was-mary-the-mother-of-jesus	Who Was Mary the Mother of Jesus?	bible-people-place	informational	who was mary mother of jesus	mary mother of jesus explained|mary in the bible summary|mary's faith story|mary and obedience to god	/bible-people-places	who-was-mary-magdalene|john-3-16-meaning|what-is-faith-in-the-bible	bible-verses-for-guidance|bible-verses-for-prayer|what-is-faith-in-the-bible	medium	88	none	Bible-People	9	planned
who-was-samuel-in-the-bible	Who Was Samuel in the Bible?	bible-people-place	informational	who was samuel in the bible	samuel bible story summary|prophet samuel explained|samuel hears god voice|samuel in old testament	/bible-people-places	who-was-king-david|bible-verses-for-guidance|what-is-faith-in-the-bible	psalm-119-105-meaning|bible-verses-for-prayer|what-is-faith-in-the-bible	medium	89	none	Bible-People	9	planned
who-was-esther-in-the-bible	Who Was Esther in the Bible?	bible-people-place	informational	who was esther in the bible	esther story summary|queen esther explained|esther courage in hard times|for such a time as this meaning	/bible-people-places	bible-verses-for-fear|bible-verses-about-hope-in-hard-times|isaiah-60-22-meaning	romans-8-31-meaning|what-is-faith-in-the-bible|bible-verses-for-guidance	medium	90	none	Bible-People	9	planned
who-was-elijah-in-the-bible	Who Was Elijah in the Bible?	bible-people-place	informational	who was elijah in the bible	elijah story summary|prophet elijah explained|elijah and depression bible|elijah and god's voice	/bible-people-places	bible-verses-for-depression|bible-verses-for-strength|what-is-faith-in-the-bible	isaiah-40-31-meaning|bible-verses-for-hope|what-is-faith-in-the-bible	medium	91	none	Bible-People	10	planned
who-was-timothy-in-the-bible	Who Was Timothy in the Bible?	bible-people-place	informational	who was timothy in the bible	timothy in the bible summary|young leader timothy|paul and timothy explained|timothy faith and ministry	/bible-people-places	who-was-paul-in-the-bible|what-is-faith-in-the-bible|bible-verses-for-guidance	bible-verses-for-strength|bible-verses-for-new-believers|what-is-discipleship-in-the-bible	medium	92	none	Bible-People	10	planned
who-was-solomon-in-the-bible	Who Was Solomon in the Bible?	bible-people-place	informational	who was solomon in the bible	solomon story summary|solomon wisdom explained|solomon and proverbs|solomon in old testament	/bible-people-places	proverbs-3-5-6-meaning|proverbs-3-5-6-meaning|who-was-king-david	bible-verses-for-guidance|bible-verses-for-wisdom|what-is-faith-in-the-bible	high	93	moderate	Bible-People	10	planned
who-was-nehemiah-in-the-bible	Who Was Nehemiah in the Bible?	bible-people-place	informational	who was nehemiah in the bible	nehemiah story summary|nehemiah rebuilds wall explained|nehemiah leadership bible|nehemiah prayer and action	/bible-people-places	bible-verses-for-guidance|bible-verses-for-strength|what-is-faith-in-the-bible	bible-verses-for-prayer|bible-verses-for-work-stress|what-is-faith-in-the-bible	high	94	none	Bible-People	10	planned
simple-bible-reading-plan-for-beginners	Simple Bible Reading Plan for Beginners	daily-verse	devotional	simple bible reading plan for beginners	beginner bible plan|easy daily scripture plan|how to start reading bible daily|daily bible routine	/daily-verse	daily-scripture-explained|bible-verse-of-the-day|morning-prayer-scripture	bible-verses-for-new-believers|what-is-salvation-in-the-bible|john-3-16-meaning	low	95	none	Daily-Devotional	10	planned
how-to-pray-with-scripture-daily	How to Pray With Scripture Daily	daily-verse	devotional	how to pray with scripture daily	scripture prayer guide|daily bible prayer method|pray bible verses|morning scripture prayer routine	/daily-verse	morning-prayer-scripture|bible-verses-for-prayer|daily-scripture-explained	psalm-46-10-meaning|john-15-5-meaning|what-is-faith-in-the-bible	low	96	none	Daily-Devotional	10	planned
5-minute-daily-devotional-for-busy-days	5-Minute Daily Devotional for Busy Days	daily-verse	devotional	5 minute daily devotional	short daily devotional|quick bible encouragement|busy day scripture reading|daily devotional routine	/daily-verse	bible-verse-of-the-day|daily-scripture-explained|bible-verses-for-strength	bible-verses-for-hope|psalm-23-meaning|what-is-faith-in-the-bible	low	97	none	Daily-Devotional	10	planned
daily-gospel-devotional	Daily Gospel Devotional	daily-verse	devotional	daily gospel devotional	gospel devotional daily|jesus-centered daily reading|daily grace devotional|daily salvation reminder	/daily-verse	john-3-16-meaning|romans-10-9-meaning|what-is-salvation-in-the-bible	john-19-30-meaning|romans-5-8-meaning|what-is-grace-in-the-bible	medium	98	none	Daily-Devotional	10	planned
daily-psalm-for-anxiety	Daily Psalm for Anxiety	daily-verse	devotional	daily psalm for anxiety	psalms for anxious mind|daily calming psalm|peaceful psalm reading|anxiety scripture daily	/daily-verse	daily-psalm-explained|bible-verses-for-anxiety|bible-verses-for-peace	psalm-46-10-meaning|psalm-91-1-2-meaning|what-is-faith-in-the-bible	low	99	none	Daily-Devotional	10	planned
weekly-scripture-plan-for-hard-times	Weekly Scripture Plan for Hard Times	daily-verse	devotional	weekly scripture plan for hard times	hard times bible reading plan|weekly hope scripture plan|7-day suffering scripture|bible plan for difficult season	/daily-verse	bible-verses-about-hope-in-hard-times|bible-verses-for-grief|romans-8-18-meaning	isaiah-43-2-meaning|john-16-33-meaning|what-is-faith-in-the-bible	medium	100	none	Daily-Devotional	10	planned
bedtime-prayers-with-bible-verses	Bedtime Prayers With Bible Verses	daily-verse	devotional	bedtime prayers with bible verses	night prayer scriptures|sleep prayer bible verses|evening devotional prayer|bedtime scripture routine	/daily-verse	night-bible-verse|night-bible-verse|bible-verses-for-anxiety	psalm-46-10-meaning|psalm-121-7-8-meaning|what-is-faith-in-the-bible	low	101	none	Daily-Devotional	11	planned
morning-bible-verses-for-strength	Morning Bible Verses for Strength	daily-verse	devotional	morning bible verses for strength	morning strength scriptures|start day with bible verse|daily motivation bible|morning devotional strength	/daily-verse	morning-prayer-scripture|bible-verses-for-strength|isaiah-40-31-meaning	romans-8-31-meaning|psalm-23-meaning|what-is-faith-in-the-bible	low	102	none	Daily-Devotional	11	planned
john-3-16-vs-john-3-17-explained	John 3:16 vs John 3:17 Explained	verse-meaning	informational	john 3 16 vs john 3 17	difference between john 3:16 and 3:17|john 3 gospel summary|john 3 comparison explained|john 3 context simple	/verse-meanings	john-3-16-meaning|john-3-17-meaning|john-3-36-meaning	what-is-salvation-in-the-bible|what-is-grace-in-the-bible|romans-10-9-meaning	medium	103	moderate	Comparison-Explainer	11	planned
romans-3-23-vs-romans-6-23-explained	Romans 3:23 vs Romans 6:23 Explained	verse-meaning	informational	romans 3 23 vs romans 6 23	difference between romans 3:23 and 6:23|sin and salvation verses|romans gospel summary|paul salvation verses	/verse-meanings	romans-3-23-meaning|romans-10-9-meaning|what-is-sin-in-the-bible	what-is-sin-in-the-bible|what-is-salvation-in-the-bible|romans-5-8-meaning	medium	104	moderate	Comparison-Explainer	11	planned
faith-vs-trust-in-the-bible	Faith vs Trust in the Bible: What Is the Difference?	bible-term	informational	faith vs trust in the bible	difference between faith and trust scripture|biblical faith and trust explained|trusting god vs faith|faith and trust meaning	/bible-terms	what-is-faith-in-the-bible|bible-verses-about-trusting-god|proverbs-3-5-6-meaning	romans-10-17-meaning|isaiah-55-8-9-meaning|bible-verses-for-anxiety	medium	105	moderate	Comparison-Explainer	11	planned
grace-vs-mercy-in-the-bible	Grace vs Mercy in the Bible: What Is the Difference?	bible-term	informational	grace vs mercy in the bible	difference between grace and mercy|grace and mercy meaning bible|biblical grace vs mercy explained|god's grace and mercy	/bible-terms	what-is-grace-in-the-bible|what-is-grace-in-the-bible|romans-5-8-meaning	what-is-salvation-in-the-bible|bible-verses-for-forgiveness|romans-8-31-meaning	medium	106	moderate	Comparison-Explainer	11	planned
justification-vs-sanctification-explained	Justification vs Sanctification Explained Simply	bible-term	informational	justification vs sanctification	difference between justification and sanctification|justification and sanctification meaning|sanctification explained simply|salvation process bible	/bible-terms	what-is-justification-in-the-bible|what-is-sanctification-in-the-bible|romans-5-8-meaning	romans-8-28-meaning|what-is-righteousness-in-the-bible|bible-verses-for-spiritual-growth	medium	107	moderate	Comparison-Explainer	11	planned
what-to-read-when-you-feel-anxious-in-the-bible	What to Read in the Bible When You Feel Anxious	verses-by-need	problem-solving	what to read in the bible when anxious	best bible chapters for anxiety|scripture reading plan for anxiety|where to start in bible for anxiety|anxiety bible reading guide	/verses-by-need	bible-verses-for-anxiety|bible-verses-for-peace|daily-psalm-explained	psalm-46-10-meaning|isaiah-41-10-meaning|what-is-faith-in-the-bible	low	108	moderate	Comparison-Explainer	11	planned
best-psalms-for-hard-times	Best Psalms for Hard Times	verses-by-need	problem-solving	best psalms for hard times	psalms for suffering|psalms for grief and fear|comforting psalms list|hope psalms difficult season	/verses-by-need	bible-verses-about-hope-in-hard-times|bible-verses-for-grief|daily-psalm-explained	psalm-46-10-meaning|psalm-42-11-meaning|psalm-121-1-2-meaning	low	109	none	Comparison-Explainer	11	planned
how-to-study-a-bible-verse-step-by-step	How to Study a Bible Verse Step by Step	daily-verse	informational	how to study a bible verse step by step	simple bible study method|verse study for beginners|how to understand scripture context|bible verse study guide	/daily-verse	daily-scripture-explained|john-3-16-meaning|what-is-the-sermon-on-the-mount	psalm-119-105-meaning|john-14-6-meaning|what-is-faith-in-the-bible	medium	110	none	Comparison-Explainer	11	planned
